{
  "train_time_s": 3.383566799981054,
  "train_accuracy": 0.9994739610731194,
  "val_accuracy": 0.9090431125131441
}