{
  "BARBUNYA": {
    "precision": 0.9,
    "recall": 0.9298892988929889,
    "f1-score": 0.9147005444646098,
    "support": 271.0
  },
  "BOMBAY": {
    "precision": 1.0,
    "recall": 0.972972972972973,
    "f1-score": 0.9863013698630136,
    "support": 111.0
  },
  "CALI": {
    "precision": 0.9435736677115988,
    "recall": 0.9261538461538461,
    "f1-score": 0.9347826086956522,
    "support": 325.0
  },
  "DERMASON": {
    "precision": 0.9102564102564102,
    "recall": 0.9247467438494935,
    "f1-score": 0.9174443646805456,
    "support": 691.0
  },
  "HOROZ": {
    "precision": 0.969309462915601,
    "recall": 0.9427860696517413,
    "f1-score": 0.9558638083228247,
    "support": 402.0
  },
  "SEKER": {
    "precision": 0.9611650485436893,
    "recall": 0.9473684210526315,
    "f1-score": 0.9542168674698795,
    "support": 418.0
  },
  "SIRA": {
    "precision": 0.878095238095238,
    "recall": 0.8882466281310212,
    "f1-score": 0.8831417624521073,
    "support": 519.0
  },
  "accuracy": 0.9265619291194739,
  "macro avg": {
    "precision": 0.9374856896460767,
    "recall": 0.9331662829578138,
    "f1-score": 0.9352073322783762,
    "support": 2737.0
  },
  "weighted avg": {
    "precision": 0.927186497788897,
    "recall": 0.9265619291194739,
    "f1-score": 0.9267782899838789,
    "support": 2737.0
  }
}