{
  "BARBUNYA": {
    "precision": 0.9245283018867925,
    "recall": 0.9040590405904059,
    "f1-score": 0.914179104477612,
    "support": 271.0
  },
  "BOMBAY": {
    "precision": 1.0,
    "recall": 1.0,
    "f1-score": 1.0,
    "support": 111.0
  },
  "CALI": {
    "precision": 0.928125,
    "recall": 0.9138461538461539,
    "f1-score": 0.9209302325581395,
    "support": 325.0
  },
  "DERMASON": {
    "precision": 0.9106382978723404,
    "recall": 0.9290882778581766,
    "f1-score": 0.9197707736389685,
    "support": 691.0
  },
  "HOROZ": {
    "precision": 0.9597989949748744,
    "recall": 0.9502487562189055,
    "f1-score": 0.955,
    "support": 402.0
  },
  "SEKER": {
    "precision": 0.9358669833729216,
    "recall": 0.9425837320574163,
    "f1-score": 0.9392133492252682,
    "support": 418.0
  },
  "SIRA": {
    "precision": 0.8839458413926499,
    "recall": 0.8805394990366089,
    "f1-score": 0.8822393822393823,
    "support": 519.0
  },
  "accuracy": 0.9236390208257216,
  "macro avg": {
    "precision": 0.9347004884999397,
    "recall": 0.9314807799439525,
    "f1-score": 0.933047548877053,
    "support": 2737.0
  },
  "weighted avg": {
    "precision": 0.9237261035271005,
    "recall": 0.9236390208257216,
    "f1-score": 0.923635325844997,
    "support": 2737.0
  }
}