{
  "BARBUNYA": {
    "precision": 0.9328358208955224,
    "recall": 0.922509225092251,
    "f1-score": 0.9276437847866419,
    "support": 271.0
  },
  "BOMBAY": {
    "precision": 1.0,
    "recall": 1.0,
    "f1-score": 1.0,
    "support": 111.0
  },
  "CALI": {
    "precision": 0.9318885448916409,
    "recall": 0.9261538461538461,
    "f1-score": 0.9290123456790124,
    "support": 325.0
  },
  "DERMASON": {
    "precision": 0.9030390738060782,
    "recall": 0.9030390738060782,
    "f1-score": 0.9030390738060782,
    "support": 691.0
  },
  "HOROZ": {
    "precision": 0.9623115577889447,
    "recall": 0.9527363184079602,
    "f1-score": 0.9575,
    "support": 402.0
  },
  "SEKER": {
    "precision": 0.9454976303317536,
    "recall": 0.9545454545454546,
    "f1-score": 0.95,
    "support": 418.0
  },
  "SIRA": {
    "precision": 0.8625954198473282,
    "recall": 0.8709055876685935,
    "f1-score": 0.8667305848513902,
    "support": 519.0
  },
  "accuracy": 0.9207161125319693,
  "macro avg": {
    "precision": 0.934024006794467,
    "recall": 0.9328413579534549,
    "f1-score": 0.9334179698747318,
    "support": 2737.0
  },
  "weighted avg": {
    "precision": 0.9208683095224924,
    "recall": 0.9207161125319693,
    "f1-score": 0.9207777316626709,
    "support": 2737.0
  }
}